INSERT INTO Users(
    UserId INT PRIMARY KEY,
    UserName VARCHAR(64) NOT NULL,
    FirstName VARCHAR(64) NOT NULL,
    LastName VARCHAR(64) NOT NULL,
    EmailAddress VARCHAR(128) NOT NULL UNIQUE,
    PhoneNumber VARCHAR(16) NOT NULL,
    Role VARCHAR(32) NOT NULL)
Values
(1,'AbdelhakeHamdaoui', 'Abdelhake', 'Hamdaoui', 'abdelhakehamdaoui@test.com', '5378527466' ,'Student'),
(2,'HouzifaHabbo', 'Houzifa', 'Habbo', 'houzifahabbo@test.com', '5300560001' ,'Student'),
(3,'AyaKhalifa', 'Aya', 'Khalifa', 'ayakhalifa@test.com', '5300000001', 'Student'),
(4,'FarahSilk', 'Farah', 'Silk', 'farahsilk@test.com', '5300000002', 'Student'),
(5,'MasaSoudan', 'Masa', 'Soudan', 'masasoudan@test.com', '5300000007', 'Student'),
(6,'MohammadRamez', 'Mohammad', 'Ramez', 'mohammadramez@test.com', '5300000008', 'Student'),
(7,'MosaMosa', 'Mosa', 'Mosa', 'mosamosa@test.com', '5300000009', 'Student'),
(8,'NouhadElHallab', 'Nouhad', 'El Hallab', 'nouhadelhallab@test.com', '5300000010', 'Student'),
(9,'ShamJamous', 'Sham', 'Jamous', 'shamjamous@test.com', '5300000012', 'Student'),
(10,'YasinYildiz', 'Yasin', 'Yildiz', 'yasinyildiz@test.com', '5300000013', 'Student'),
(11,'ZaidAlmoughrabl', 'Zaid', 'Almoughrabl', 'zaidalmoughrabl@test.com', '5300000014', 'Student'),
(12,'ZomorodahBakhit', 'Zomorodah', 'Bakhit', 'zomorodahbakhit@test.com', '5300000015', 'Student');


INSERT INTO Users(
    UserId INT PRIMARY KEY,
    UserName VARCHAR(64) NOT NULL,
    FirstName VARCHAR(64) NOT NULL,
    LastName VARCHAR(64) NOT NULL,
    EmailAddress VARCHAR(128) NOT NULL UNIQUE,
    PhoneNumber VARCHAR(16) NOT NULL,
    Role VARCHAR(32) NOT NULL)
Values
(13,'FeryalTulaimat', 'Feryal', 'Tulaimat', 'feryaltulaimat@test.com', '5300000003', 'Teacher'),
(14,'SamiHijazi', 'Sami', 'Hijazi', 'samihijazi@test.com', '5300000011', 'Teacher');


INSERT INTO Courses (CourseId, CourseName, TeacherId, StartDate, EndDate, SyllabusId)
VALUES
(1, 'SQL', 13, '2025-07-07', '2025-08-1', NULL),
(2, 'C#', 14, '2025-07-07', '2025-08-1', NULL),
(3, 'Entity Framework', 13, '2025-07-07', '2025-08-1', NULL),
(4, 'Web API', 14, '2025-07-07', '2025-08-1', NULL),
(5, 'React', 13, '2025-07-07', '2025-08-1', NULL);


INSERT INTO Assignments (AssignmentId, CourseId, AssignmentTitle, Description, Weight, MaxGrade, DueDate) VALUES

(1, 1, 'sql Basics', 'Learn basics', 10, 100, '2025-06-20'),
(2, 1, ' Operations', 'Practice operations', 15, 100, '2025-07-10'),
(3, 1, 'operations 2', 'Use nested queries', 20, 100, '2025-07-15'),
(4, 1, ' Functions', 'Test string', 20, 100, '2025-06-10'),
(5, 1, ' Project', 'Build a database', 25, 100, '2025-08-01');

INSERT INTO Assignments (AssignmentId, CourseId, AssignmentTitle, Description, Weight, MaxGrade, DueDate) VALUES
(6, 2, 'C# Syntax', 'Variables, data types', 10, 100, '2025-06-25'),
(7, 2, 'Loops', 'Practice loops', 15, 100, '2025-07-10'),
(8, 2, 'functions', 'functions', 20, 100, '2025-07-20'),
(9, 2, 'Errors', 'Try-catch ', 20, 100, '2025-07-30'),
(10, 2, ' Project', 'Build app', 25, 100, '2025-08-10');

INSERT INTO Assignments (AssignmentId, CourseId, AssignmentTitle, Description, Weight, MaxGrade, DueDate) VALUES
(11, 3, ' Intro', 'Context and models', 10, 100, '2025-06-28'),
(12, 3, 'Migrations', 'Create migrations', 15, 100, '2025-07-05'),
(13, 3, ' Queries', 'Query with LINQ', 20, 100, '2025-07-15'),
(14, 3, 'Navigation', 'Relationships', 20, 100, '2025-07-25'),
(15, 3, ' Project', 'web app', 25, 100, '2025-08-05');

INSERT INTO Assignments (AssignmentId, CourseId, AssignmentTitle, Description, Weight, MaxGrade, DueDate) VALUES
(16, 4, 'API Basics', 'GET/POST', 10, 100, '2025-06-22'),
(17, 4, ' Controllers', 'Map endpoints to logic', 15, 100, '2025-07-08'),
(18, 4, 'Authentication', 'JWT ', 20, 100, '2025-07-18'),
(19, 4, 'Testing APIs', 'Postman', 20, 100, '2025-06-30'),
(20, 4, 'Project', 'Design API', 25, 100, '2025-08-08');

INSERT INTO Assignments (AssignmentId, CourseId, AssignmentTitle, Description, Weight, MaxGrade, DueDate) VALUES
(21, 5, ' Basics', 'Create components using JSX', 10, 100, '2025-06-15'),
(22, 5, 'Props & State', 'React data handling', 15, 100, '2025-07-09'),
(23, 5, 'Hooks ', 'useState and useEffect', 20, 100, '2025-07-19'),
(24, 5, 'Routing', 'React Router basics', 20, 100, '2025-06-27'),
(25, 5, ' Project', 'Build a small SPA', 25, 100, '2025-08-12');

INSERT INTO Comments (CommentId, AssignmentId, CreatedByUserId, CreatedDate, CommentContent) VALUES
(1, 2, 1, '2025-07-02', 'This is a comment!'),
(2, 4, 2, '2025-07-03', 'This is a comment!'),
(3, 7, 5, '2025-07-04', 'This is a comment!'),
(4, 9, 4, '2025-06-28', 'This is a comment!'),
(5, 13, 7, '2025-07-01', 'This is a comment!'),
(6, 16, 9, '2025-07-05', 'This is a comment!'),
(7, 20, 3, '2025-07-06', 'This is a comment!'),
(8, 22, 8, '2025-07-07', 'This is a comment!'),
(9, 24, 10, '2025-07-08', 'This is a comment!'),
(10, 25, 11, '2025-07-08', 'This is a comment!');

INSERT INTO Grades (GradeId, AssignmentId, StudentId, Grade) VALUES 
(1, 1, 1, 87),
(2, 1, 2, 90),
(3, 1, 3, 75),
(4, 1, 4, 92),
(5, 1, 5, 88),
(6, 1, 6, 79),
(7, 1, 7, 91),
(8, 1, 8, 85),
(9, 1, 9, 76),
(10, 1, 10, 95),
(11, 1, 11, 89),
(12, 1, 12, 81),
(13, 1, 13, 93),
 
(14, 2, 1, 87),
(15, 2, 2, 90),
(16, 2, 3, 75),
(17, 2, 4, 92),
(18, 2, 5, 88),
(19, 2, 6, 79),
(20, 2, 7, 91),
(21, 2, 8, 85),
(22, 2, 9, 76),
(23, 2, 10, 95),
(24, 2, 11, 89),
(25, 2, 12, 81),
(26, 2, 13, 93),

(27, 3, 1, 87),
(28, 3, 2, 90),
(29, 3, 3, 75),
(30, 3, 4, 92),
(31, 3, 5, 88),
(32, 3, 6, 79),
(33, 3, 7, 91),
(34, 3, 8, 85),
(35, 3, 9, 76),
(36, 3, 10, 95),
(37, 3, 11, 89),
(38, 3, 12, 81),
(39, 3, 13, 93),

(40, 4, 1, 87),
(41, 4, 2, 90),
(42, 4, 3, 75),
(43, 4, 4, 92),
(44, 4, 5, 88),
(45, 4, 6, 79),
(46, 4, 7, 91),
(47, 4, 8, 85),
(48, 4, 9, 76),
(49, 4, 10, 95),
(50, 4, 11, 89),
(51, 4, 12, 81),
(52, 4, 13, 93),
 
(53, 5, 1, 87),
(54, 5, 2, 90),
(55, 5, 3, 75),
(56, 5, 4, 92),
(57, 5, 5, 88),
(58, 5, 6, 79),
(59, 5, 7, 91),
(60, 5, 8, 85),
(61, 5, 9, 76),
(62, 5, 10, 95),
(63, 5, 11, 89),
(64, 5, 12, 81),
(65, 5, 13, 93),
 
(66, 6, 1, 87),
(67, 6, 2, 90),
(68, 6, 3, 75),
(69, 6, 4, 92),
(70, 6, 5, 88),
(71, 6, 6, 79),
(72, 6, 7, 91),
(73, 6, 8, 85),
(74, 6, 9, 76),
(75, 6, 10, 95),
(76, 6, 11, 89),
(77, 6, 12, 81),
(78, 6, 13, 93),
 
(79, 7, 1, 87),
(80, 7, 2, 90),
(81, 7, 3, 75),
(82, 7, 4, 92),
(83, 7, 5, 88),
(84, 7, 6, 79),
(85, 7, 7, 91),
(86, 7, 8, 85),
(87, 7, 9, 76),
(88, 7, 10, 95),
(89, 7, 11, 89),
(90, 7, 12, 81),
(91, 7, 13, 93),
 
(92, 8, 1, 87),
(93, 8, 2, 90),
(94, 8, 3, 75),
(95, 8, 4, 92),
(96, 8, 5, 88),
(97, 8, 6, 79),
(98, 8, 7, 91),
(99, 8, 8, 85),
(100, 8, 9, 76),
(101, 8, 10, 95),
(102, 8, 11, 89),
(103, 8, 12, 81),
(104, 8, 13, 93),
 
(105, 9, 1, 87),
(106, 9, 2, 90),
(107, 9, 3, 75),
(108, 9, 4, 92),
(109, 9, 5, 88),
(110, 9, 6, 79),
(111, 9, 7, 91),
(112, 9, 8, 85),
(113, 9, 9, 76),
(114, 9, 10, 95),
(115, 9, 11, 89),
(116, 9, 12, 81),
(117, 9, 13, 93),
 
(118, 10, 1, 87),
(119, 10, 2, 90),
(120, 10, 3, 75),
(121, 10, 4, 92),
(122, 10, 5, 88),
(123, 10, 6, 79),
(124, 10, 7, 91),
(125, 10, 8, 85),
(126, 10, 9, 76),
(127, 10, 10, 95),
(128, 10, 11, 89),
(129, 10, 12, 81),
(130, 10, 13, 93),


(131, 11, 1, 87),
(132, 11, 2, 90),
(133, 11, 3, 75),
(134, 11, 4, 92),
(135, 11, 5, 88),
(136, 11, 6, 79),
(137, 11, 7, 91),
(138, 11, 8, 85),
(139, 11, 9, 76),
(140, 11, 10, 95),
(141, 11, 11, 89),
(142, 11, 12, 81),
(143, 11, 13, 93),


(144, 12, 1, 87),
(145, 12, 2, 90),
(146, 12, 3, 75),
(147, 12, 4, 92),
(148, 12, 5, 88),
(149, 12, 6, 79),
(150, 12, 7, 91),
(151, 12, 8, 85),
(152, 12, 9, 76),
(153, 12, 10, 95),
(154, 12, 11, 89),
(155, 12, 12, 81),
(156, 12, 13, 93),


(157, 13, 1, 87),
(158, 13, 2, 90),
(159, 13, 3, 75),
(160, 13, 4, 92),
(161, 13, 5, 88),
(162, 13, 6, 79),
(163, 13, 7, 91),
(164, 13, 8, 85),
(165, 13, 9, 76),
(166, 13, 10, 95),
(167, 13, 11, 89),
(168, 13, 12, 81),
(169, 13, 13, 93),


(170, 14, 1, 87),
(171, 14, 2, 90),
(172, 14, 3, 75),
(173, 14, 4, 92),
(174, 14, 5, 88),
(175, 14, 6, 79),
(176, 14, 7, 91),
(177, 14, 8, 85),
(178, 14, 9, 76),
(179, 14, 10, 95),
(180, 14, 11, 89),
(181, 14, 12, 81),
(182, 14, 13, 93),


(183, 15, 1, 87),
(184, 15, 2, 90),
(185, 15, 3, 75),
(186, 15, 4, 92),
(187, 15, 5, 88),
(188, 15, 6, 79),
(189, 15, 7, 91),
(190, 15, 8, 85),
(191, 15, 9, 76),
(192, 15, 10, 95),
(193, 15, 11, 89),
(194, 15, 12, 81),
(195, 15, 13, 93),


(196, 16, 1, 87),
(197, 16, 2, 90),
(198, 16, 3, 75),
(199, 16, 4, 92),
(200, 16, 5, 88),
(201, 16, 6, 79),
(202, 16, 7, 91),
(203, 16, 8, 85),
(204, 16, 9, 76),
(205, 16, 10, 95),
(206, 16, 11, 89),
(207, 16, 12, 81),
(208, 16, 13, 93),


(209, 17, 1, 87),
(210, 17, 2, 90),
(211, 17, 3, 75),
(212, 17, 4, 92),
(213, 17, 5, 88),
(214, 17, 6, 79),
(215, 17, 7, 91),
(216, 17, 8, 85),
(217, 17, 9, 76),
(218, 17, 10, 95),
(219, 17, 11, 89),
(220, 17, 12, 81),
(221, 17, 13, 93),


(222, 18, 1, 87),
(223, 18, 2, 90),
(224, 18, 3, 75),
(225, 18, 4, 92),
(226, 18, 5, 88),
(227, 18, 6, 79),
(228, 18, 7, 91),
(229, 18, 8, 85),
(230, 18, 9, 76),
(231, 18, 10, 95),
(232, 18, 11, 89),
(233, 18, 12, 81),
(234, 18, 13, 93),


(235, 19, 1, 87),
(236, 19, 2, 90),
(237, 19, 3, 75),
(238, 19, 4, 92),
(239, 19, 5, 88),
(240, 19, 6, 79),
(241, 19, 7, 91),
(242, 19, 8, 85),
(243, 19, 9, 76),
(244, 19, 10, 95),
(245, 19, 11, 89),
(246, 19, 12, 81),
(247, 19, 13, 93),


(248, 20, 1, 87),
(249, 20, 2, 90),
(250, 20, 3, 75),
(251, 20, 4, 92),
(252, 20, 5, 88),
(253, 20, 6, 79),
(254, 20, 7, 91),
(255, 20, 8, 85),
(256, 20, 9, 76),
(257, 20, 10, 95),
(258, 20, 11, 89),
(259, 20, 12, 81),
(260, 20, 13, 93),


(261, 21, 1, 87),
(262, 21, 2, 90),
(263, 21, 3, 75),
(264, 21, 4, 92),
(265, 21, 5, 88),
(266, 21, 6, 79),
(267, 21, 7, 91),
(268, 21, 8, 85),
(269, 21, 9, 76),
(270, 21, 10, 95),
(271, 21, 11, 89),
(272, 21, 12, 81),
(273, 21, 13, 93),


(274, 22, 1, 87),
(275, 22, 2, 90),
(276, 22, 3, 75),
(277, 22, 4, 92),
(278, 22, 5, 88),
(279, 22, 6, 79),
(280, 22, 7, 91),
(281, 22, 8, 85),
(282, 22, 9, 76),
(283, 22, 10, 95),
(284, 22, 11, 89),
(285, 22, 12, 81),
(286, 22, 13, 93),


(287, 23, 1, 87),
(288, 23, 2, 90),
(289, 23, 3, 75),
(290, 23, 4, 92),
(291, 23, 5, 88),
(292, 23, 6, 79),
(293, 23, 7, 91),
(294, 23, 8, 85),
(295, 23, 9, 76),
(296, 23, 10, 95),
(297, 23, 11, 89),
(298, 23, 12, 81),
(299, 23, 13, 93),


(300, 24, 1, 87),
(301, 24, 2, 90),
(302, 24, 3, 75),
(303, 24, 4, 92),
(304, 24, 5, 88),
(305, 24, 6, 79),
(306, 24, 7, 91),
(307, 24, 8, 85),
(308, 24, 9, 76),
(309, 24, 10, 95),
(310, 24, 11, 89),
(311, 24, 12, 81),
(312, 24, 13, 93),


(313, 25, 1, 87),
(314, 25, 2, 90),
(315, 25, 3, 75),
(316, 25, 4, 92),
(317, 25, 5, 88),
(318, 25, 6, 79),
(319, 25, 7, 91),
(320, 25, 8, 85),
(321, 25, 9, 76),
(322, 25, 10, 95),
(323, 25, 11, 89),
(324, 25, 12, 81),
(325, 25, 13, 93);


INSERT INTO Syllabus (SyllabusId, Description) VALUES
(1, 'Covers basic to advanced SQL'),
(2, 'Intro to C#, syntax, OOP'),
(3, 'Entity Framework: DbContext, migrations, LINQ.'),
(4, 'Build RESTful Web APIs'),
(5, 'Modern React');

